예약번호,시설유형,이용자유형,예약경로,예약대기일,이용인원,노쇼여부
R0001,회의실,동호회,방문,26,14,노쇼
R0002,강당,기업,전화,29,25,정상
R0003,강당,개인,전화,10,50,정상
R0004,강당,기업,앱,18,26,노쇼
R0005,회의실,동호회,온라인,28,30,정상
R0006,회의실,기업,온라인,29,50,노쇼
R0007,야외운동장,기업,방문,27,26,노쇼
R0008,회의실,개인,앱,23,40,노쇼
R0009,회의실,기업,온라인,6,47,노쇼
R0010,야외운동장,기관,앱,1,24,노쇼
R0011,회의실,기업,앱,28,23,노쇼
R0012,야외운동장,기업,전화,8,19,정상
R0013,강당,기업,앱,5,36,정상
R0014,야외운동장,기관,앱,5,2,노쇼
R0015,강당,기관,방문,3,13,정상
R0016,캠핑장,기업,앱,13,48,노쇼
R0017,강당,기관,전화,9,40,정상
R0018,공연장,기관,앱,0,9,정상
R0019,강당,개인,앱,21,12,노쇼
R0020,회의실,기관,전화,3,41,정상
R0021,야외운동장,기관,방문,14,20,노쇼
R0022,캠핑장,개인,방문,10,44,정상
R0023,회의실,동호회,전화,5,23,정상
R0024,캠핑장,기관,앱,29,31,노쇼
R0025,야외운동장,기관,앱,8,34,노쇼
R0026,체육관,동호회,앱,22,5,노쇼
R0027,회의실,기업,전화,16,1,노쇼
R0028,야외운동장,기업,전화,16,13,노쇼
R0029,캠핑장,동호회,온라인,24,27,노쇼
R0030,야외운동장,동호회,온라인,27,24,노쇼
R0031,회의실,동호회,온라인,25,45,노쇼
R0032,공연장,동호회,방문,26,42,정상
R0033,캠핑장,개인,전화,30,37,노쇼
R0034,야외운동장,동호회,방문,17,43,노쇼
R0035,체육관,기업,전화,17,49,정상
R0036,공연장,기관,전화,6,13,정상
R0037,체육관,기업,앱,16,23,노쇼
R0038,강당,개인,온라인,13,20,정상
R0039,야외운동장,기업,방문,4,16,정상
R0040,강당,개인,방문,18,15,정상
R0041,체육관,개인,온라인,18,21,노쇼
R0042,체육관,개인,온라인,7,32,정상
R0043,공연장,기업,온라인,27,16,노쇼
R0044,야외운동장,동호회,전화,27,34,노쇼
R0045,회의실,기업,방문,17,27,정상
R0046,강당,기관,전화,13,19,정상
R0047,회의실,동호회,앱,23,41,노쇼
R0048,회의실,기업,방문,24,8,노쇼
R0049,공연장,개인,온라인,15,17,정상
R0050,캠핑장,개인,방문,22,26,정상
R0051,회의실,동호회,앱,13,17,노쇼
R0052,야외운동장,개인,방문,9,45,노쇼
R0053,강당,기관,방문,27,39,정상
R0054,체육관,기업,앱,29,45,노쇼
R0055,캠핑장,기업,온라인,6,26,정상
R0056,캠핑장,동호회,앱,23,45,노쇼
R0057,공연장,동호회,전화,22,12,노쇼
R0058,야외운동장,기업,온라인,7,34,노쇼
R0059,공연장,동호회,온라인,23,,노쇼
R0060,캠핑장,기업,앱,28,26,노쇼
R0061,야외운동장,개인,전화,7,11,노쇼
R0062,회의실,개인,앱,24,20,노쇼
R0063,회의실,기관,온라인,24,34,노쇼
R0064,공연장,기관,온라인,17,23,노쇼
R0065,야외운동장,기업,방문,16,18,정상
R0066,회의실,기업,전화,23,1,노쇼
R0067,강당,개인,전화,14,4,정상
R0068,회의실,기업,방문,1,48,정상
R0069,회의실,개인,방문,29,35,노쇼
R0070,체육관,기업,전화,8,23,정상
R0071,캠핑장,기업,온라인,22,,노쇼
R0072,공연장,기업,앱,14,43,정상
R0073,공연장,개인,방문,27,,정상
R0074,공연장,기관,방문,22,8,노쇼
R0075,야외운동장,기업,방문,8,39,정상
R0076,캠핑장,개인,방문,24,18,노쇼
R0077,강당,개인,앱,20,16,정상
R0078,캠핑장,동호회,앱,11,32,정상
R0079,야외운동장,개인,전화,5,3,정상
R0080,회의실,동호회,온라인,13,18,정상
R0081,강당,기업,온라인,3,13,정상
R0082,야외운동장,기관,전화,6,38,정상
R0083,캠핑장,기관,전화,13,17,노쇼
R0084,강당,동호회,온라인,18,,노쇼
R0085,체육관,동호회,앱,12,7,노쇼
R0086,회의실,기관,전화,0,33,정상
R0087,야외운동장,기관,온라인,0,11,노쇼
R0088,야외운동장,기업,전화,30,9,노쇼
R0089,공연장,기관,방문,26,26,정상
R0090,공연장,개인,앱,8,35,정상
R0091,강당,동호회,전화,18,10,정상
R0092,야외운동장,기업,전화,15,25,정상
R0093,회의실,기업,앱,12,15,노쇼
R0094,강당,동호회,전화,13,26,정상
R0095,체육관,동호회,방문,2,35,정상
R0096,강당,기관,방문,6,16,정상
R0097,강당,개인,앱,22,40,노쇼
R0098,체육관,기관,온라인,17,15,노쇼
R0099,강당,개인,온라인,20,45,정상
R0100,야외운동장,개인,온라인,18,28,노쇼
R0101,강당,기업,방문,17,14,정상
R0102,회의실,동호회,앱,11,38,노쇼
R0103,야외운동장,개인,앱,9,41,노쇼
R0104,공연장,동호회,방문,28,9,노쇼
R0105,캠핑장,동호회,전화,1,8,정상
R0106,공연장,기업,온라인,24,43,정상
R0107,공연장,동호회,온라인,28,33,노쇼
R0108,야외운동장,동호회,전화,4,9,정상
R0109,공연장,기업,온라인,22,38,노쇼
R0110,공연장,기관,온라인,11,2,정상
R0111,공연장,동호회,방문,2,1,정상
R0112,회의실,기업,앱,12,16,노쇼
R0113,강당,개인,온라인,17,,노쇼
R0114,회의실,개인,온라인,4,30,정상
R0115,공연장,기업,온라인,20,32,노쇼
R0116,강당,동호회,온라인,8,46,정상
R0117,체육관,기관,방문,5,27,정상
R0118,체육관,개인,온라인,14,35,정상
R0119,야외운동장,개인,온라인,4,46,정상
R0120,회의실,기관,앱,17,4,노쇼
R0121,체육관,기업,전화,5,26,정상
R0122,캠핑장,동호회,온라인,2,31,노쇼
R0123,야외운동장,개인,온라인,23,40,노쇼
R0124,회의실,기업,온라인,14,11,정상
R0125,야외운동장,기관,전화,13,10,노쇼
R0126,야외운동장,기관,방문,17,28,노쇼
R0127,캠핑장,동호회,온라인,12,6,노쇼
R0128,야외운동장,기업,방문,12,43,정상
R0129,공연장,기업,온라인,22,,노쇼
R0130,체육관,기업,방문,29,8,정상
R0131,캠핑장,동호회,온라인,11,30,노쇼
R0132,공연장,동호회,온라인,16,32,정상
R0133,체육관,기업,전화,27,39,정상
R0134,체육관,동호회,앱,15,2,노쇼
R0135,강당,개인,온라인,16,46,정상
R0136,강당,동호회,온라인,12,30,정상
R0137,회의실,기업,온라인,0,36,노쇼
R0138,강당,동호회,방문,24,40,노쇼
R0139,캠핑장,기업,앱,-1,12,노쇼
R0140,캠핑장,동호회,방문,8,39,노쇼
R0141,야외운동장,개인,전화,7,23,정상
R0142,캠핑장,동호회,전화,8,24,노쇼
R0143,공연장,기업,방문,22,49,정상
R0144,강당,개인,방문,13,35,노쇼
R0145,강당,개인,방문,20,50,정상
R0146,회의실,개인,앱,11,8,노쇼
R0147,강당,개인,온라인,27,50,노쇼
R0148,회의실,기관,방문,4,45,노쇼
R0149,체육관,기업,전화,12,45,정상
R0150,회의실,동호회,온라인,8,18,노쇼
R0151,체육관,개인,온라인,17,32,정상
R0152,공연장,동호회,전화,0,4,정상
R0153,야외운동장,동호회,온라인,12,45,노쇼
R0154,체육관,동호회,온라인,28,36,노쇼
R0155,체육관,동호회,온라인,29,30,노쇼
R0156,체육관,동호회,방문,25,41,정상
R0157,캠핑장,동호회,전화,25,45,노쇼
R0158,공연장,동호회,앱,18,28,정상
R0159,회의실,동호회,방문,6,31,정상
R0160,강당,개인,앱,1,4,정상
R0161,체육관,개인,방문,2,18,정상
R0162,야외운동장,동호회,온라인,30,30,노쇼
R0163,체육관,기관,앱,20,37,노쇼
R0164,회의실,기관,방문,2,5,정상
R0165,야외운동장,개인,방문,28,44,노쇼
R0166,강당,기업,방문,22,22,정상
R0167,체육관,기업,방문,0,4,정상
R0168,캠핑장,기업,앱,8,26,노쇼
R0169,회의실,동호회,방문,17,28,노쇼
R0170,회의실,동호회,전화,3,21,정상
R0171,강당,동호회,온라인,13,15,정상
R0172,캠핑장,기관,방문,7,25,정상
R0173,체육관,기업,전화,22,16,정상
R0174,캠핑장,기관,온라인,2,47,노쇼
R0175,캠핑장,동호회,방문,8,44,노쇼
R0176,체육관,기업,방문,29,11,노쇼
R0177,야외운동장,기업,앱,11,2,노쇼
R0178,회의실,기관,방문,29,38,노쇼
R0179,체육관,기업,방문,16,42,정상
R0180,체육관,동호회,온라인,6,30,노쇼
R0181,회의실,기관,앱,8,46,노쇼
R0182,공연장,기관,온라인,6,22,정상
R0183,체육관,개인,방문,27,29,노쇼
R0184,캠핑장,기관,방문,0,15,정상
R0185,공연장,개인,온라인,15,49,노쇼
R0186,체육관,기관,앱,24,14,노쇼
R0187,체육관,기관,방문,18,1,노쇼
R0188,체육관,동호회,전화,20,9,노쇼
R0189,야외운동장,동호회,방문,11,28,정상
R0190,야외운동장,동호회,앱,5,46,노쇼
R0191,야외운동장,기관,전화,27,46,노쇼
R0192,강당,기업,온라인,3,8,정상
R0193,강당,기업,앱,6,24,정상
R0194,체육관,기관,앱,12,39,노쇼
R0195,야외운동장,동호회,앱,23,26,노쇼
R0196,야외운동장,기관,앱,13,42,노쇼
R0197,공연장,개인,온라인,22,4,노쇼
R0198,체육관,개인,앱,11,20,노쇼
R0199,야외운동장,기관,온라인,18,29,노쇼
R0200,캠핑장,기관,앱,16,30,노쇼
R0201,회의실,동호회,앱,1,37,정상
R0202,체육관,기업,앱,17,22,노쇼
R0203,강당,기관,방문,10,38,정상
R0204,강당,개인,전화,22,7,정상
R0205,야외운동장,동호회,방문,22,27,노쇼
R0206,강당,기관,앱,23,45,노쇼
R0207,야외운동장,기업,전화,6,44,노쇼
R0208,회의실,기업,전화,18,2,노쇼
R0209,체육관,개인,앱,21,5,노쇼
R0210,강당,기업,앱,2,42,정상
R0211,공연장,기업,앱,26,2,노쇼
R0212,체육관,개인,방문,14,10,정상
R0213,체육관,기업,전화,1,48,정상
R0214,공연장,기업,방문,19,26,정상
R0215,강당,개인,방문,30,45,노쇼
R0216,공연장,기관,온라인,5,20,정상
R0217,공연장,동호회,앱,14,37,노쇼
R0218,야외운동장,기업,앱,25,43,노쇼
R0219,회의실,기업,전화,25,35,정상
R0220,체육관,개인,방문,0,22,정상
R0221,야외운동장,기업,온라인,22,11,노쇼
R0222,캠핑장,기관,방문,0,26,노쇼
R0223,야외운동장,기관,방문,10,32,정상
R0224,캠핑장,동호회,방문,15,15,정상
R0225,회의실,기업,온라인,16,26,노쇼
R0226,강당,기관,온라인,18,11,정상
R0227,체육관,기업,방문,6,19,정상
R0228,공연장,기관,전화,26,13,노쇼
R0229,강당,기관,온라인,2,40,정상
R0230,캠핑장,기업,전화,9,41,정상
R0231,야외운동장,개인,앱,21,9,노쇼
R0232,공연장,기업,앱,7,46,정상
R0233,야외운동장,개인,방문,9,2,노쇼
R0234,체육관,기관,앱,20,8,노쇼
R0235,야외운동장,기관,전화,5,6,정상
R0236,강당,개인,앱,17,17,정상
R0237,캠핑장,동호회,방문,1,20,정상
R0238,강당,개인,전화,7,36,정상
R0239,회의실,기관,전화,10,37,노쇼
R0240,야외운동장,동호회,앱,30,48,노쇼
R0241,회의실,기관,온라인,24,11,노쇼
R0242,야외운동장,개인,온라인,21,39,노쇼
R0243,회의실,개인,전화,22,29,노쇼
R0244,체육관,개인,앱,19,15,노쇼
R0245,야외운동장,기관,온라인,19,30,노쇼
R0246,공연장,동호회,전화,14,48,정상
R0247,야외운동장,기관,전화,20,10,정상
R0248,캠핑장,동호회,전화,3,18,정상
R0249,야외운동장,기업,전화,5,20,정상
R0250,강당,기관,온라인,18,,정상
R0251,야외운동장,동호회,앱,22,5,노쇼
R0252,회의실,기업,방문,19,47,노쇼
R0253,야외운동장,기관,앱,2,44,노쇼
R0254,강당,기관,전화,23,25,정상
R0255,야외운동장,개인,방문,7,12,정상
R0256,회의실,동호회,방문,25,30,정상
R0257,체육관,기관,온라인,25,45,노쇼
R0258,캠핑장,동호회,전화,7,22,정상
R0259,야외운동장,동호회,전화,29,42,노쇼
R0260,캠핑장,기관,앱,11,10,노쇼
R0261,야외운동장,동호회,온라인,7,24,노쇼
R0262,강당,기관,방문,7,,정상
R0263,공연장,기업,앱,11,34,노쇼
R0264,체육관,개인,전화,12,10,정상
R0265,체육관,동호회,방문,7,34,정상
R0266,체육관,개인,온라인,28,3,노쇼
R0267,캠핑장,개인,방문,22,16,노쇼
R0268,회의실,동호회,온라인,7,33,노쇼
R0269,공연장,동호회,방문,14,27,정상
R0270,강당,기관,온라인,11,45,정상
R0271,야외운동장,개인,전화,21,28,정상
R0272,야외운동장,기업,앱,6,1,노쇼
R0273,회의실,기관,온라인,23,24,노쇼
R0274,캠핑장,개인,앱,9,40,정상
R0275,야외운동장,동호회,온라인,14,36,노쇼
R0276,회의실,기관,전화,12,37,노쇼
R0277,캠핑장,개인,온라인,27,35,노쇼
R0278,강당,동호회,방문,6,17,정상
R0279,야외운동장,동호회,앱,22,1,노쇼
R0280,야외운동장,개인,방문,0,26,정상
R0281,회의실,기관,전화,5,14,정상
R0282,캠핑장,동호회,방문,11,23,정상
R0283,체육관,동호회,앱,15,22,정상
R0284,공연장,동호회,온라인,11,23,노쇼
R0285,공연장,동호회,전화,27,42,정상
R0286,회의실,기업,앱,6,34,노쇼
R0287,강당,기업,방문,23,43,정상
R0288,캠핑장,동호회,방문,3,6,정상
R0289,공연장,개인,온라인,18,6,정상
R0290,체육관,기업,앱,24,3,노쇼
R0291,회의실,기업,온라인,3,41,노쇼
R0292,공연장,동호회,전화,10,5,정상
R0293,야외운동장,동호회,온라인,8,22,노쇼
R0294,강당,기업,앱,25,25,노쇼
R0295,체육관,기업,전화,5,27,정상
R0296,공연장,동호회,전화,6,2,정상
R0297,체육관,기관,전화,26,38,정상
R0298,강당,기관,앱,10,7,정상
R0299,회의실,동호회,앱,19,40,노쇼
R0300,야외운동장,동호회,전화,5,3,노쇼
R0301,공연장,동호회,앱,21,1,정상
R0302,회의실,기관,전화,-1,15,노쇼
R0303,강당,개인,방문,5,6,정상
R0304,캠핑장,개인,온라인,16,,노쇼
R0305,강당,기업,방문,4,47,정상
R0306,체육관,기업,전화,13,39,정상
R0307,강당,동호회,앱,10,46,정상
R0308,캠핑장,기업,방문,15,5,노쇼
R0309,회의실,기업,방문,22,11,노쇼
R0310,회의실,기업,온라인,23,11,노쇼
R0311,캠핑장,개인,방문,13,15,정상
R0312,회의실,기관,온라인,13,38,노쇼
R0313,캠핑장,개인,온라인,0,43,정상
R0314,체육관,기관,방문,4,29,정상
R0315,공연장,기관,온라인,1,45,정상
R0316,체육관,개인,앱,21,31,노쇼
R0317,회의실,동호회,앱,28,40,노쇼
R0318,강당,동호회,전화,19,35,정상
R0319,야외운동장,기관,방문,20,14,정상
R0320,야외운동장,기관,전화,18,9,노쇼
R0321,캠핑장,기관,방문,8,48,정상
R0322,회의실,기업,방문,10,39,노쇼
R0323,회의실,동호회,방문,8,32,정상
R0324,야외운동장,기업,앱,5,25,노쇼
R0325,회의실,기업,전화,8,42,정상
R0326,야외운동장,기업,전화,5,27,정상
R0327,체육관,개인,앱,28,12,노쇼
R0328,캠핑장,기관,앱,18,50,노쇼
R0329,캠핑장,개인,온라인,24,21,노쇼
R0330,야외운동장,개인,전화,10,33,노쇼
R0331,야외운동장,기업,방문,4,13,정상
R0332,캠핑장,기관,온라인,5,27,정상
R0333,체육관,개인,온라인,30,29,노쇼
R0334,체육관,기관,전화,24,15,노쇼
R0335,캠핑장,개인,앱,8,23,노쇼
R0336,공연장,동호회,전화,18,35,정상
R0337,체육관,동호회,전화,24,43,정상
R0338,캠핑장,기관,방문,30,21,노쇼
R0339,캠핑장,동호회,온라인,23,8,노쇼
R0340,회의실,개인,전화,12,3,정상
R0341,야외운동장,개인,온라인,15,21,노쇼
R0342,야외운동장,기관,방문,22,47,노쇼
R0343,야외운동장,기업,전화,30,20,노쇼
R0344,공연장,기관,방문,17,43,노쇼
R0345,공연장,기관,전화,2,7,정상
R0346,야외운동장,동호회,방문,16,32,정상
R0347,체육관,기관,앱,9,39,노쇼
R0348,강당,개인,방문,5,36,정상
R0349,강당,기업,전화,26,38,정상
R0350,강당,개인,전화,-1,10,정상
R0351,강당,기업,전화,26,35,정상
R0352,체육관,동호회,앱,14,8,노쇼
R0353,강당,기관,방문,27,7,정상
R0354,강당,개인,방문,10,43,정상
R0355,강당,기업,방문,4,37,정상
R0356,공연장,동호회,온라인,14,7,정상
R0357,캠핑장,기관,전화,5,36,노쇼
R0358,회의실,개인,온라인,3,47,정상
R0359,공연장,기관,방문,5,21,정상
R0360,공연장,기관,온라인,20,8,노쇼
R0361,체육관,개인,앱,8,29,노쇼
R0362,회의실,동호회,앱,21,45,노쇼
R0363,공연장,개인,방문,19,22,노쇼
R0364,야외운동장,기관,방문,23,40,노쇼
R0365,공연장,개인,앱,3,4,노쇼
R0366,공연장,개인,앱,12,47,노쇼
R0367,회의실,개인,앱,14,12,노쇼
R0368,캠핑장,개인,방문,1,25,정상
R0369,강당,동호회,온라인,24,33,노쇼
R0370,체육관,개인,방문,9,36,정상
R0371,강당,기관,전화,21,13,정상
R0372,야외운동장,개인,온라인,30,15,노쇼
R0373,체육관,동호회,온라인,30,10,노쇼
R0374,공연장,동호회,전화,23,41,정상
R0375,야외운동장,동호회,전화,15,10,노쇼
R0376,공연장,동호회,전화,16,33,정상
R0377,회의실,개인,방문,13,46,노쇼
R0378,캠핑장,기업,온라인,5,9,노쇼
R0379,체육관,기관,온라인,7,43,노쇼
R0380,공연장,기업,온라인,17,22,노쇼
R0381,공연장,기업,앱,26,25,노쇼
R0382,캠핑장,기업,온라인,10,23,정상
R0383,체육관,동호회,온라인,7,40,노쇼
R0384,강당,기관,앱,5,38,정상
R0385,체육관,기관,앱,20,37,노쇼
R0386,강당,기업,앱,2,15,정상
R0387,야외운동장,개인,방문,3,33,정상
R0388,캠핑장,기관,전화,0,34,정상
R0389,야외운동장,개인,앱,16,28,노쇼
R0390,회의실,개인,방문,2,36,정상
R0391,공연장,기업,전화,28,13,정상
R0392,야외운동장,개인,앱,9,7,노쇼
R0393,체육관,동호회,전화,21,28,정상
R0394,공연장,동호회,전화,23,46,정상
R0395,회의실,기업,방문,16,20,노쇼
R0396,야외운동장,동호회,방문,27,14,노쇼
R0397,체육관,개인,앱,6,29,정상
R0398,강당,개인,방문,4,17,정상
R0399,캠핑장,기업,전화,26,3,정상
R0400,야외운동장,기업,앱,12,42,노쇼
R0401,공연장,기관,온라인,29,7,노쇼
R0402,캠핑장,기관,전화,5,25,정상
R0403,캠핑장,기관,온라인,24,22,노쇼
R0404,회의실,동호회,방문,1,3,정상
R0405,회의실,기업,방문,15,6,정상
R0406,캠핑장,동호회,전화,26,19,노쇼
R0407,회의실,개인,방문,26,40,노쇼
R0408,캠핑장,동호회,방문,11,6,정상
R0409,체육관,기관,전화,7,32,정상
R0410,강당,기관,전화,20,38,정상
R0411,공연장,기업,온라인,20,38,정상
R0412,야외운동장,개인,앱,30,18,노쇼
R0413,체육관,기관,온라인,6,1,노쇼
R0414,야외운동장,동호회,앱,7,15,노쇼
R0415,회의실,기업,앱,22,22,노쇼
R0416,공연장,기관,방문,25,40,노쇼
R0417,체육관,기관,온라인,0,3,정상
R0418,강당,기업,전화,5,26,정상
R0419,야외운동장,기업,앱,14,43,노쇼
R0420,캠핑장,개인,방문,15,42,정상
R0421,야외운동장,동호회,전화,1,46,정상
R0422,회의실,기관,온라인,9,21,노쇼
R0423,체육관,기업,방문,26,30,노쇼
R0424,회의실,기관,온라인,14,34,노쇼
R0425,체육관,개인,앱,18,31,노쇼
R0426,공연장,기관,방문,29,30,정상
R0427,캠핑장,개인,앱,5,30,노쇼
R0428,캠핑장,개인,전화,14,26,정상
R0429,공연장,개인,전화,4,25,정상
R0430,캠핑장,동호회,온라인,1,29,정상
R0431,공연장,기업,앱,3,15,정상
R0432,공연장,동호회,전화,22,11,노쇼
R0433,공연장,동호회,방문,25,17,정상
R0434,체육관,기업,방문,14,22,노쇼
R0435,강당,기업,앱,9,50,정상
R0436,강당,개인,방문,24,9,정상
R0437,야외운동장,개인,전화,3,12,정상
R0438,체육관,개인,앱,29,26,노쇼
R0439,체육관,개인,온라인,21,23,정상
R0440,강당,개인,온라인,11,33,정상
R0441,체육관,기업,방문,17,5,정상
R0442,캠핑장,개인,앱,1,24,정상
R0443,회의실,기업,방문,29,1,노쇼
R0444,체육관,기관,온라인,2,29,정상
R0445,공연장,기업,방문,16,43,정상
R0446,캠핑장,동호회,방문,22,36,노쇼
R0447,공연장,동호회,앱,10,44,정상
R0448,회의실,기업,방문,25,49,노쇼
R0449,캠핑장,개인,전화,9,27,노쇼
R0450,강당,기관,방문,7,38,정상
R0451,캠핑장,동호회,온라인,25,49,노쇼
R0452,야외운동장,기업,전화,28,3,노쇼
R0453,캠핑장,개인,앱,16,4,노쇼
R0454,공연장,개인,방문,22,36,노쇼
R0455,체육관,동호회,전화,6,46,정상
R0456,체육관,개인,앱,19,16,노쇼
R0457,야외운동장,동호회,온라인,21,44,노쇼
R0458,야외운동장,기관,방문,0,12,정상
R0459,캠핑장,동호회,전화,30,50,노쇼
R0460,캠핑장,동호회,앱,1,8,노쇼
R0461,체육관,기관,전화,11,11,정상
R0462,공연장,개인,앱,25,1,노쇼
R0463,회의실,기업,온라인,27,10,노쇼
R0464,체육관,개인,방문,9,41,노쇼
R0465,강당,기관,온라인,8,3,노쇼
R0466,캠핑장,개인,온라인,21,18,노쇼
R0467,회의실,개인,앱,29,27,노쇼
R0468,캠핑장,기업,방문,15,41,정상
R0469,공연장,개인,전화,29,14,정상
R0470,공연장,개인,앱,14,21,노쇼
R0471,강당,개인,온라인,25,10,노쇼
R0472,체육관,기업,온라인,18,4,정상
R0473,체육관,기관,전화,13,4,정상
R0474,캠핑장,동호회,방문,14,44,노쇼
R0475,강당,개인,온라인,2,45,정상
R0476,체육관,개인,온라인,26,37,노쇼
R0477,야외운동장,기업,방문,16,50,노쇼
R0478,캠핑장,기업,앱,19,47,노쇼
R0479,강당,기업,온라인,30,37,노쇼
R0480,강당,기업,전화,15,32,정상
R0481,회의실,기업,전화,12,41,노쇼
R0482,야외운동장,기업,앱,10,31,노쇼
R0483,공연장,동호회,앱,23,16,노쇼
R0484,체육관,기업,방문,0,39,정상
R0485,체육관,동호회,앱,12,24,정상
R0486,야외운동장,기업,방문,-1,42,노쇼
R0487,야외운동장,동호회,온라인,5,42,노쇼
R0488,야외운동장,기관,온라인,16,,노쇼
R0489,회의실,기관,앱,23,25,노쇼
R0490,강당,기관,온라인,8,41,노쇼
R0491,야외운동장,기관,방문,5,19,정상
R0492,회의실,기업,온라인,26,36,노쇼
R0493,공연장,기관,앱,30,9,노쇼
R0494,강당,기업,방문,8,12,정상
R0495,회의실,개인,온라인,30,6,노쇼
R0496,체육관,개인,온라인,30,29,노쇼
R0497,회의실,개인,온라인,26,9,노쇼
R0498,체육관,동호회,방문,17,4,정상
R0499,회의실,기관,온라인,23,50,노쇼
R0500,강당,동호회,온라인,3,5,노쇼
R0501,공연장,기관,전화,23,13,정상
R0502,회의실,기업,방문,25,42,정상
R0503,회의실,기업,온라인,20,47,노쇼
R0504,캠핑장,동호회,온라인,6,34,정상
R0505,공연장,개인,온라인,23,7,노쇼
R0506,회의실,기관,방문,26,29,노쇼
R0507,야외운동장,동호회,방문,24,27,노쇼
R0508,강당,기관,방문,10,10,정상
R0509,강당,개인,방문,21,1,정상
R0510,공연장,개인,전화,6,20,정상
R0511,야외운동장,기업,방문,13,48,정상
R0512,체육관,개인,앱,2,14,정상
R0513,체육관,동호회,앱,17,15,정상
R0514,공연장,기업,방문,7,6,정상
R0515,야외운동장,개인,온라인,28,28,노쇼
R0516,회의실,기관,전화,24,9,노쇼
R0517,체육관,기업,온라인,11,19,정상
R0518,야외운동장,개인,방문,24,44,노쇼
R0519,체육관,기업,앱,4,42,정상
R0520,공연장,기관,방문,22,34,정상
R0521,캠핑장,동호회,방문,25,40,정상
R0522,회의실,개인,온라인,30,1,노쇼
R0523,체육관,기업,온라인,26,37,노쇼
R0524,공연장,기업,온라인,1,18,정상
R0525,강당,기관,앱,7,33,정상
R0526,체육관,기관,방문,7,39,정상
R0527,체육관,기업,온라인,4,50,정상
R0528,야외운동장,기업,앱,19,39,노쇼
R0529,체육관,기업,앱,28,38,노쇼
R0530,강당,기업,온라인,18,6,노쇼
R0531,강당,기관,방문,25,34,정상
R0532,회의실,기업,앱,29,6,노쇼
R0533,캠핑장,동호회,방문,29,39,노쇼
R0534,야외운동장,기업,온라인,11,15,노쇼
R0535,공연장,기업,앱,5,8,정상
R0536,공연장,개인,전화,17,48,노쇼
R0537,회의실,기업,방문,3,16,정상
R0538,공연장,기관,전화,19,18,정상
R0539,캠핑장,기업,앱,22,7,노쇼
R0540,체육관,기업,방문,21,28,노쇼
R0541,회의실,기관,방문,18,8,정상
R0542,캠핑장,동호회,온라인,30,35,노쇼
R0543,강당,개인,온라인,15,2,노쇼
R0544,강당,개인,앱,17,28,노쇼
R0545,공연장,기업,전화,15,14,정상
R0546,체육관,기관,방문,23,16,정상
R0547,회의실,기관,전화,24,7,정상
R0548,회의실,기업,방문,23,14,정상
R0549,체육관,기업,전화,12,29,정상
R0550,체육관,기업,앱,5,23,정상
R0551,강당,기업,전화,8,36,정상
R0552,체육관,기관,방문,28,39,정상
R0553,강당,기관,전화,21,43,정상
R0554,야외운동장,개인,전화,26,1,노쇼
R0555,체육관,기관,방문,20,28,정상
R0556,강당,기업,온라인,2,5,정상
R0557,공연장,개인,온라인,14,43,노쇼
R0558,야외운동장,기관,전화,29,23,노쇼
R0559,회의실,동호회,방문,3,36,정상
R0560,회의실,동호회,온라인,15,7,노쇼
R0561,체육관,동호회,온라인,4,23,정상
R0562,야외운동장,개인,전화,24,36,노쇼
R0563,캠핑장,개인,앱,22,31,노쇼
R0564,회의실,기업,전화,8,9,정상
R0565,공연장,개인,앱,1,18,정상
R0566,회의실,개인,방문,19,30,노쇼
R0567,야외운동장,개인,온라인,29,46,노쇼
R0568,강당,개인,앱,17,23,정상
R0569,강당,기업,앱,12,14,정상
R0570,회의실,기관,온라인,29,10,노쇼
R0571,캠핑장,개인,앱,4,21,노쇼
R0572,강당,동호회,방문,16,33,정상
R0573,체육관,개인,온라인,24,26,노쇼
R0574,야외운동장,개인,온라인,22,1,노쇼
R0575,캠핑장,개인,앱,20,9,노쇼
R0576,회의실,기관,방문,6,4,정상
R0577,공연장,기업,전화,19,47,노쇼
R0578,야외운동장,기관,앱,2,48,정상
R0579,회의실,동호회,온라인,1,43,노쇼
R0580,강당,기관,방문,2,50,정상
R0581,강당,기업,방문,4,29,정상
R0582,공연장,개인,앱,25,4,노쇼
R0583,캠핑장,기관,앱,8,25,노쇼
R0584,체육관,기업,앱,26,48,노쇼
R0585,야외운동장,동호회,온라인,26,39,노쇼
R0586,회의실,개인,방문,19,29,정상
R0587,회의실,개인,방문,22,30,노쇼
R0588,공연장,동호회,앱,8,33,정상
R0589,체육관,동호회,방문,16,46,정상
R0590,강당,동호회,전화,13,19,정상
R0591,공연장,기관,방문,21,29,정상
R0592,공연장,기업,앱,27,19,노쇼
R0593,공연장,개인,방문,25,12,정상
R0594,공연장,동호회,앱,30,28,노쇼
R0595,캠핑장,기업,전화,3,23,정상
R0596,공연장,기업,방문,23,47,노쇼
R0597,캠핑장,개인,앱,13,28,노쇼
R0598,회의실,기관,전화,15,27,노쇼
R0599,캠핑장,동호회,온라인,4,17,노쇼
R0600,강당,기관,전화,22,22,정상
R0601,캠핑장,개인,전화,17,40,정상
R0602,회의실,동호회,온라인,22,45,노쇼
R0603,캠핑장,기업,방문,21,39,노쇼
R0604,강당,개인,앱,28,13,노쇼
R0605,야외운동장,기업,앱,27,41,노쇼
R0606,강당,기관,앱,24,45,노쇼
R0607,공연장,동호회,온라인,24,5,노쇼
R0608,체육관,동호회,온라인,22,1,노쇼
R0609,캠핑장,기관,앱,5,13,노쇼
R0610,야외운동장,개인,온라인,24,17,노쇼
R0611,회의실,기관,방문,18,23,노쇼
R0612,회의실,기관,방문,25,6,노쇼
R0613,체육관,기관,앱,20,43,정상
R0614,야외운동장,동호회,앱,16,9,노쇼
R0615,회의실,동호회,전화,30,17,노쇼
R0616,회의실,기관,앱,23,12,노쇼
R0617,공연장,기관,방문,12,8,정상
R0618,강당,동호회,전화,16,21,정상
R0619,회의실,개인,온라인,21,9,노쇼
R0620,강당,동호회,전화,22,13,정상
R0621,야외운동장,기업,전화,8,39,정상
R0622,강당,기관,앱,26,19,정상
R0623,야외운동장,개인,온라인,23,23,노쇼
R0624,캠핑장,동호회,방문,19,8,노쇼
R0625,캠핑장,개인,전화,15,21,정상
R0626,캠핑장,기관,방문,1,19,정상
R0627,야외운동장,기관,방문,24,45,노쇼
R0628,공연장,기업,전화,24,26,정상
R0629,캠핑장,기업,온라인,28,24,노쇼
R0630,회의실,동호회,앱,28,6,노쇼
R0631,야외운동장,기관,전화,6,24,정상
R0632,강당,개인,방문,3,4,정상
R0633,체육관,기업,앱,5,8,노쇼
R0634,캠핑장,기관,온라인,1,17,정상
R0635,강당,동호회,전화,10,36,정상
R0636,체육관,개인,전화,17,21,노쇼
R0637,체육관,동호회,온라인,16,45,노쇼
R0638,공연장,개인,전화,2,4,정상
R0639,야외운동장,기관,전화,25,48,노쇼
R0640,회의실,개인,방문,8,9,노쇼
R0641,체육관,기관,온라인,16,42,노쇼
R0642,공연장,기관,전화,10,50,정상
R0643,체육관,개인,온라인,5,21,노쇼
R0644,강당,개인,앱,20,9,노쇼
R0645,강당,기관,전화,15,9,정상
R0646,야외운동장,동호회,방문,22,50,노쇼
R0647,강당,기관,앱,14,44,정상
R0648,체육관,개인,온라인,7,10,정상
R0649,공연장,개인,앱,12,32,정상
R0650,강당,기관,온라인,25,20,정상
R0651,회의실,기관,앱,10,20,노쇼
R0652,체육관,개인,앱,21,46,노쇼
R0653,강당,개인,전화,6,21,정상
R0654,강당,개인,온라인,7,27,정상
R0655,강당,개인,온라인,21,18,노쇼
R0656,회의실,개인,앱,28,2,노쇼
R0657,회의실,동호회,방문,29,50,노쇼
R0658,공연장,기관,앱,15,20,노쇼
R0659,공연장,동호회,전화,21,44,정상
R0660,공연장,개인,전화,17,10,정상
R0661,야외운동장,동호회,전화,8,7,정상
R0662,캠핑장,기업,전화,13,29,정상
R0663,체육관,개인,온라인,27,1,노쇼
R0664,공연장,개인,전화,5,39,정상
R0665,강당,기업,온라인,22,8,노쇼
R0666,체육관,개인,전화,4,40,정상
R0667,공연장,개인,앱,12,50,노쇼
R0668,회의실,기업,방문,24,39,정상
R0669,회의실,기관,방문,6,15,정상
R0670,회의실,개인,온라인,1,1,정상
R0671,강당,기업,앱,23,35,노쇼
R0672,회의실,기관,전화,15,,노쇼
R0673,공연장,기업,온라인,23,1,노쇼
R0674,공연장,동호회,앱,30,16,노쇼
R0675,회의실,개인,앱,23,42,노쇼
R0676,공연장,기관,전화,8,40,정상
R0677,회의실,개인,온라인,23,50,노쇼
R0678,캠핑장,개인,앱,26,43,노쇼
R0679,체육관,동호회,방문,4,19,정상
R0680,야외운동장,동호회,앱,14,13,노쇼
R0681,캠핑장,개인,전화,13,1,정상
R0682,야외운동장,기업,전화,4,49,정상
R0683,캠핑장,기업,방문,30,29,정상
R0684,캠핑장,기관,전화,23,6,노쇼
R0685,캠핑장,기업,방문,7,18,정상
R0686,회의실,기업,온라인,28,3,노쇼
R0687,강당,동호회,온라인,10,32,정상
R0688,야외운동장,개인,온라인,20,2,노쇼
R0689,야외운동장,기관,전화,20,38,정상
R0690,회의실,개인,온라인,14,36,노쇼
R0691,회의실,동호회,온라인,29,31,노쇼
R0692,강당,기업,전화,22,42,정상
R0693,강당,개인,온라인,22,43,노쇼
R0694,캠핑장,기관,방문,21,33,노쇼
R0695,야외운동장,기업,앱,5,25,정상
R0696,체육관,개인,방문,11,13,정상
R0697,공연장,기업,전화,16,31,정상
R0698,강당,기관,앱,20,2,노쇼
R0699,회의실,기관,앱,28,14,노쇼
R0700,공연장,개인,앱,0,45,정상
R0701,회의실,동호회,전화,20,38,노쇼
R0702,야외운동장,동호회,온라인,11,42,노쇼
R0703,공연장,개인,전화,17,25,정상
R0704,야외운동장,기관,전화,3,42,정상
R0705,회의실,개인,앱,15,49,노쇼
R0706,체육관,동호회,전화,29,7,정상
R0707,체육관,개인,온라인,8,4,노쇼
R0708,강당,동호회,온라인,4,19,정상
R0709,강당,동호회,방문,20,6,노쇼
R0710,체육관,동호회,전화,20,21,정상
R0711,회의실,동호회,방문,7,4,정상
R0712,캠핑장,동호회,방문,1,14,정상
R0713,야외운동장,개인,전화,16,16,노쇼
R0714,야외운동장,기관,앱,10,50,노쇼
R0715,회의실,기업,앱,19,30,노쇼
R0716,야외운동장,동호회,앱,2,22,정상
R0717,캠핑장,기관,방문,12,7,정상
R0718,체육관,기관,방문,30,30,노쇼
R0719,회의실,기관,전화,18,24,노쇼
R0720,회의실,동호회,온라인,23,39,노쇼
R0721,강당,개인,앱,5,47,정상
R0722,공연장,기업,방문,6,27,정상
R0723,야외운동장,기업,온라인,12,23,노쇼
R0724,강당,기업,앱,24,23,노쇼
R0725,강당,개인,방문,4,40,정상
R0726,회의실,개인,온라인,16,1,노쇼
R0727,강당,기업,온라인,12,,정상
R0728,야외운동장,개인,앱,8,16,노쇼
R0729,강당,기업,방문,23,48,정상
R0730,체육관,기업,온라인,26,46,정상
R0731,체육관,기관,방문,11,17,정상
R0732,야외운동장,기관,앱,3,16,노쇼
R0733,캠핑장,개인,전화,25,44,정상
R0734,회의실,기관,앱,0,21,정상
R0735,강당,개인,앱,3,4,정상
R0736,공연장,동호회,온라인,27,3,노쇼
R0737,캠핑장,기관,온라인,22,44,노쇼
R0738,캠핑장,개인,온라인,29,33,노쇼
R0739,체육관,개인,방문,19,,정상
R0740,공연장,개인,방문,11,5,정상
R0741,회의실,개인,온라인,4,27,노쇼
R0742,강당,기업,앱,1,14,정상
R0743,회의실,개인,방문,21,43,노쇼
R0744,캠핑장,기업,전화,7,42,노쇼
R0745,캠핑장,동호회,전화,1,19,정상
R0746,야외운동장,기업,앱,1,44,노쇼
R0747,캠핑장,개인,전화,17,3,정상
R0748,공연장,기업,앱,3,36,정상
R0749,공연장,기관,온라인,8,42,정상
R0750,강당,기관,전화,2,30,정상
R0751,캠핑장,동호회,방문,16,8,노쇼
R0752,캠핑장,개인,온라인,25,4,정상
R0753,공연장,기관,앱,13,22,정상
R0754,캠핑장,기관,전화,14,47,정상
R0755,캠핑장,개인,온라인,22,39,노쇼
R0756,캠핑장,기관,전화,26,21,노쇼
R0757,공연장,기관,앱,19,,노쇼
R0758,체육관,기업,전화,7,21,정상
R0759,야외운동장,기관,온라인,11,6,노쇼
R0760,체육관,기관,온라인,15,14,노쇼
R0761,캠핑장,기관,온라인,4,7,정상
R0762,캠핑장,동호회,방문,20,26,노쇼
R0763,야외운동장,개인,앱,22,37,노쇼
R0764,야외운동장,개인,방문,20,3,정상
R0765,공연장,기관,전화,0,9,정상
R0766,야외운동장,기업,방문,1,4,노쇼
R0767,공연장,기관,방문,22,42,노쇼
R0768,체육관,기업,방문,28,6,정상
R0769,회의실,개인,온라인,11,14,노쇼
R0770,공연장,동호회,방문,1,7,정상
R0771,강당,동호회,앱,13,2,노쇼
R0772,강당,기업,방문,16,15,정상
R0773,공연장,개인,전화,9,36,노쇼
R0774,회의실,개인,온라인,27,24,노쇼
R0775,회의실,기업,방문,14,39,정상
R0776,체육관,동호회,전화,29,49,노쇼
R0777,야외운동장,기관,온라인,1,13,정상
R0778,캠핑장,기업,전화,1,38,정상
R0779,공연장,기관,온라인,12,18,노쇼
R0780,강당,개인,앱,21,40,노쇼
R0781,야외운동장,개인,방문,4,6,정상
R0782,회의실,동호회,전화,14,36,노쇼
R0783,공연장,기관,앱,21,44,정상
R0784,체육관,기관,전화,13,23,정상
R0785,강당,기업,방문,30,28,노쇼
R0786,회의실,개인,전화,10,46,정상
R0787,캠핑장,기관,앱,26,9,노쇼
R0788,체육관,기관,앱,4,25,정상
R0789,캠핑장,개인,앱,17,49,노쇼
R0790,공연장,기업,앱,23,28,노쇼
R0791,야외운동장,개인,앱,4,14,노쇼
R0792,야외운동장,기관,전화,27,21,노쇼
R0793,야외운동장,개인,앱,12,33,노쇼
R0794,회의실,기업,앱,20,25,노쇼
R0795,야외운동장,개인,앱,24,20,노쇼
R0796,회의실,동호회,전화,13,23,노쇼
R0797,체육관,기관,방문,5,27,정상
R0798,체육관,기업,온라인,18,40,노쇼
R0799,공연장,기업,전화,2,15,정상
R0800,야외운동장,개인,앱,14,37,노쇼
R0801,캠핑장,기업,앱,3,2,노쇼
R0802,회의실,동호회,앱,29,2,노쇼
R0803,캠핑장,기관,방문,17,13,정상
R0804,공연장,동호회,전화,17,39,정상
R0805,공연장,기업,온라인,29,30,노쇼
R0806,강당,기업,앱,24,9,노쇼
R0807,회의실,기업,앱,8,49,정상
R0808,체육관,개인,전화,27,15,정상
R0809,강당,동호회,온라인,17,27,정상
R0810,야외운동장,개인,방문,3,36,정상
R0811,공연장,기관,방문,8,41,정상
R0812,강당,기관,앱,1,4,정상
R0813,강당,개인,방문,2,7,정상
R0814,캠핑장,개인,온라인,29,22,노쇼
R0815,체육관,개인,방문,24,23,정상
R0816,공연장,동호회,앱,29,6,노쇼
R0817,회의실,기업,온라인,30,34,노쇼
R0818,캠핑장,개인,앱,22,7,노쇼
R0819,체육관,기업,앱,17,14,노쇼
R0820,체육관,동호회,온라인,30,39,노쇼
R0821,체육관,기관,앱,11,50,정상
R0822,강당,기업,전화,9,27,정상
R0823,강당,동호회,방문,1,34,정상
R0824,강당,개인,온라인,24,38,노쇼
R0825,강당,개인,전화,3,29,정상
R0826,캠핑장,기관,앱,8,31,노쇼
R0827,체육관,개인,온라인,19,49,노쇼
R0828,공연장,개인,앱,9,11,정상
R0829,야외운동장,동호회,전화,17,27,정상
R0830,야외운동장,개인,앱,15,37,노쇼
R0831,체육관,기업,방문,11,28,정상
R0832,강당,동호회,온라인,2,47,정상
R0833,강당,개인,온라인,26,23,노쇼
R0834,체육관,기업,온라인,27,38,노쇼
R0835,캠핑장,동호회,방문,9,50,정상
R0836,공연장,개인,방문,21,40,정상
R0837,야외운동장,개인,앱,5,5,노쇼
R0838,회의실,기업,앱,10,11,노쇼
R0839,강당,개인,방문,20,50,정상
R0840,야외운동장,기업,앱,13,26,노쇼
R0841,회의실,개인,온라인,28,39,노쇼
R0842,체육관,기업,방문,11,17,정상
R0843,야외운동장,개인,전화,23,45,노쇼
R0844,체육관,개인,방문,23,39,정상
R0845,체육관,개인,방문,29,28,노쇼
R0846,공연장,기관,전화,19,18,정상
R0847,캠핑장,개인,방문,17,4,정상
R0848,강당,개인,앱,30,33,정상
R0849,캠핑장,개인,전화,1,3,정상
R0850,강당,기업,앱,26,48,정상
R0851,공연장,개인,앱,12,33,정상
R0852,공연장,개인,전화,11,9,정상
R0853,캠핑장,기업,전화,3,39,노쇼
R0854,강당,기관,앱,2,1,정상
R0855,회의실,동호회,전화,2,41,정상
R0856,야외운동장,기관,방문,26,42,노쇼
R0857,회의실,동호회,앱,12,42,노쇼
R0858,캠핑장,동호회,온라인,29,9,노쇼
R0859,공연장,개인,전화,14,43,정상
R0860,회의실,기업,앱,16,34,노쇼
R0861,강당,기관,앱,6,49,정상
R0862,캠핑장,동호회,온라인,8,47,정상
R0863,공연장,동호회,온라인,4,15,정상
R0864,캠핑장,기업,앱,4,29,노쇼
R0865,야외운동장,기업,앱,6,17,노쇼
R0866,회의실,기업,전화,8,12,정상
R0867,회의실,기관,방문,23,7,노쇼
R0868,야외운동장,개인,앱,27,43,노쇼
R0869,공연장,기업,전화,8,48,정상
R0870,회의실,동호회,방문,8,36,정상
R0871,체육관,동호회,온라인,12,45,노쇼
R0872,야외운동장,개인,앱,3,42,노쇼
R0873,캠핑장,기관,전화,3,28,정상
R0874,체육관,동호회,온라인,4,,정상
R0875,강당,기관,방문,23,50,정상
R0876,캠핑장,기업,전화,17,38,정상
R0877,회의실,개인,전화,1,38,정상
R0878,공연장,동호회,전화,3,2,정상
R0879,캠핑장,기관,방문,12,41,정상
R0880,체육관,개인,앱,13,20,노쇼
R0881,체육관,개인,앱,15,41,노쇼
R0882,강당,동호회,온라인,29,23,노쇼
R0883,캠핑장,개인,앱,9,20,노쇼
R0884,강당,동호회,방문,25,30,정상
R0885,체육관,기업,전화,11,7,정상
R0886,회의실,개인,앱,15,15,노쇼
R0887,야외운동장,동호회,앱,20,47,노쇼
R0888,강당,기업,방문,12,34,정상
R0889,회의실,동호회,전화,15,27,정상
R0890,야외운동장,개인,전화,1,14,정상
R0891,회의실,동호회,앱,7,43,노쇼
R0892,회의실,개인,앱,0,39,정상
R0893,캠핑장,기업,방문,2,31,정상
R0894,공연장,개인,전화,27,21,노쇼
R0895,공연장,기업,방문,23,43,노쇼
R0896,회의실,기관,전화,18,21,정상
R0897,회의실,개인,방문,7,34,노쇼
R0898,야외운동장,동호회,온라인,12,14,노쇼
R0899,체육관,기관,앱,21,26,정상
R0900,캠핑장,개인,온라인,29,48,노쇼
R0901,공연장,개인,방문,27,9,노쇼
R0902,캠핑장,동호회,앱,5,24,노쇼
R0903,체육관,개인,온라인,28,47,노쇼
R0904,야외운동장,기업,온라인,7,22,노쇼
R0905,야외운동장,동호회,앱,1,1,노쇼
R0906,공연장,기업,앱,1,36,정상
R0907,캠핑장,기관,온라인,18,39,노쇼
R0908,캠핑장,기업,전화,26,48,정상
R0909,야외운동장,동호회,전화,29,1,노쇼
R0910,야외운동장,기관,앱,28,27,노쇼
R0911,강당,동호회,전화,15,25,정상
R0912,회의실,기업,앱,1,21,노쇼
R0913,회의실,기업,온라인,9,50,노쇼
R0914,공연장,기업,방문,9,3,정상
R0915,캠핑장,기업,온라인,13,48,노쇼
R0916,공연장,동호회,앱,8,3,노쇼
R0917,강당,동호회,온라인,27,47,정상
R0918,체육관,동호회,온라인,4,47,정상
R0919,체육관,기업,온라인,17,19,노쇼
R0920,캠핑장,개인,전화,23,35,노쇼
R0921,체육관,기관,방문,10,8,정상
R0922,체육관,기업,온라인,30,20,노쇼
R0923,캠핑장,기업,앱,28,16,노쇼
R0924,강당,기업,앱,13,45,노쇼
R0925,공연장,기업,온라인,11,39,정상
R0926,강당,동호회,전화,22,14,정상
R0927,공연장,개인,전화,8,19,정상
R0928,야외운동장,개인,방문,21,50,노쇼
R0929,캠핑장,동호회,온라인,18,9,노쇼
R0930,체육관,기관,온라인,25,38,노쇼
R0931,강당,기업,전화,11,28,정상
R0932,강당,개인,방문,19,43,정상
R0933,야외운동장,동호회,전화,15,16,노쇼
R0934,회의실,기관,온라인,4,29,정상
R0935,공연장,동호회,온라인,27,12,노쇼
R0936,체육관,기관,온라인,14,30,노쇼
R0937,캠핑장,기업,방문,26,3,노쇼
R0938,체육관,기업,온라인,24,5,노쇼
R0939,야외운동장,기관,앱,1,21,노쇼
R0940,강당,개인,전화,13,36,정상
R0941,야외운동장,동호회,앱,24,15,노쇼
R0942,캠핑장,동호회,앱,1,18,노쇼
R0943,야외운동장,기관,전화,28,38,노쇼
R0944,공연장,기업,온라인,2,12,정상
R0945,캠핑장,기업,온라인,1,20,정상
R0946,회의실,기업,온라인,27,20,노쇼
R0947,체육관,동호회,방문,16,2,정상
R0948,회의실,개인,앱,27,8,노쇼
R0949,야외운동장,동호회,온라인,29,16,노쇼
R0950,체육관,기관,앱,22,50,노쇼
R0951,공연장,기업,앱,13,34,노쇼
R0952,강당,기업,온라인,11,11,노쇼
R0953,회의실,기관,온라인,13,45,노쇼
R0954,캠핑장,기관,앱,9,4,정상
R0955,강당,기업,전화,14,50,노쇼
R0956,체육관,개인,온라인,11,8,정상
R0957,회의실,기관,온라인,4,36,노쇼
R0958,공연장,기관,방문,11,17,정상
R0959,체육관,동호회,온라인,20,29,노쇼
R0960,회의실,동호회,온라인,6,,노쇼
R0961,공연장,동호회,전화,4,41,정상
R0962,야외운동장,개인,온라인,22,34,노쇼
R0963,공연장,기관,방문,11,24,정상
R0964,캠핑장,동호회,앱,21,36,노쇼
R0965,강당,개인,앱,21,41,노쇼
R0966,체육관,동호회,온라인,20,11,노쇼
R0967,강당,동호회,앱,29,45,노쇼
R0968,캠핑장,동호회,온라인,25,30,노쇼
R0969,강당,개인,온라인,8,5,정상
R0970,강당,기관,온라인,26,25,노쇼
R0971,강당,개인,온라인,28,14,노쇼
R0972,야외운동장,개인,온라인,29,12,노쇼
R0973,캠핑장,동호회,온라인,14,4,노쇼
R0974,체육관,기관,전화,0,35,정상
R0975,공연장,기관,방문,17,35,노쇼
R0976,야외운동장,동호회,앱,11,22,노쇼
R0977,강당,동호회,온라인,11,27,정상
R0978,캠핑장,기관,전화,14,33,노쇼
R0979,강당,동호회,전화,6,29,정상
R0980,캠핑장,기업,방문,25,16,노쇼
R0981,강당,개인,온라인,6,31,정상
R0982,회의실,개인,방문,0,20,정상
R0983,강당,개인,전화,13,27,정상
R0984,캠핑장,동호회,방문,21,33,노쇼
R0985,야외운동장,개인,방문,9,24,정상
R0986,캠핑장,기관,온라인,16,31,노쇼
R0987,공연장,개인,앱,26,40,노쇼
R0988,캠핑장,기관,전화,7,7,노쇼
R0989,야외운동장,기관,전화,28,14,정상
R0990,캠핑장,개인,방문,22,1,노쇼
R0991,회의실,동호회,방문,2,49,노쇼
R0992,체육관,동호회,방문,26,32,정상
R0993,체육관,개인,방문,27,39,정상
R0994,야외운동장,기관,방문,4,48,정상
R0995,회의실,동호회,방문,18,,노쇼
R0996,캠핑장,동호회,전화,21,27,노쇼
R0997,회의실,기업,방문,23,29,노쇼
R0998,캠핑장,동호회,온라인,14,4,노쇼
R0999,캠핑장,기업,온라인,26,46,노쇼
R1000,캠핑장,기업,앱,10,31,노쇼
R1001,야외운동장,기업,전화,30,21,정상
R1002,야외운동장,동호회,앱,13,36,정상
R1003,회의실,동호회,전화,9,37,정상
R1004,캠핑장,개인,전화,21,45,정상
R1005,회의실,기업,온라인,26,16,노쇼
R1006,회의실,동호회,온라인,5,28,노쇼
R1007,체육관,개인,전화,27,36,노쇼
R1008,회의실,기업,전화,9,26,노쇼
R1009,야외운동장,개인,앱,15,6,노쇼
R1010,강당,기업,온라인,16,25,노쇼
R1011,회의실,기업,방문,16,35,노쇼
R1012,야외운동장,기관,앱,8,9,노쇼
R1013,강당,개인,앱,20,1,노쇼
R1014,공연장,기관,앱,28,17,노쇼
R1015,회의실,개인,방문,17,2,노쇼
R1016,회의실,개인,온라인,2,34,노쇼
R1017,체육관,기업,온라인,12,6,노쇼
R1018,공연장,기관,온라인,10,49,정상
R1019,야외운동장,기관,방문,6,45,노쇼
R1020,야외운동장,동호회,전화,1,45,정상
R1021,회의실,기관,전화,24,16,노쇼
R1022,캠핑장,기업,방문,17,15,노쇼
R1023,캠핑장,기관,온라인,3,15,노쇼
R1024,캠핑장,개인,전화,18,48,정상
R1025,야외운동장,개인,방문,17,15,노쇼
R1026,공연장,기업,온라인,18,18,노쇼
R1027,공연장,기관,앱,22,1,정상
R1028,캠핑장,기업,전화,0,9,정상
R1029,캠핑장,개인,방문,0,47,노쇼
R1030,캠핑장,동호회,온라인,23,15,노쇼
R1031,체육관,개인,전화,14,43,정상
R1032,강당,개인,방문,10,50,정상
R1033,강당,동호회,앱,27,45,정상
R1034,강당,기관,전화,21,8,정상
R1035,야외운동장,개인,전화,22,39,노쇼
R1036,야외운동장,기관,앱,19,42,노쇼
R1037,캠핑장,기업,전화,6,40,정상
R1038,캠핑장,기관,방문,30,41,노쇼
R1039,공연장,동호회,전화,2,2,노쇼
R1040,체육관,기관,앱,21,7,노쇼
R1041,체육관,동호회,앱,4,38,정상
R1042,캠핑장,기업,전화,28,45,노쇼
R1043,공연장,기업,전화,6,12,정상
R1044,공연장,개인,앱,7,28,노쇼
R1045,야외운동장,개인,전화,23,40,노쇼
R1046,캠핑장,개인,온라인,25,13,노쇼
R1047,캠핑장,개인,온라인,9,37,노쇼
R1048,체육관,개인,온라인,21,33,노쇼
R1049,체육관,동호회,방문,3,7,정상
R1050,체육관,기관,온라인,29,46,노쇼
R1051,캠핑장,동호회,전화,22,44,노쇼
R1052,야외운동장,기업,전화,14,15,노쇼
R1053,회의실,기업,앱,22,19,노쇼
R1054,강당,동호회,전화,25,8,정상
R1055,강당,기업,전화,18,39,정상
R1056,체육관,기업,온라인,22,30,정상
R1057,공연장,기관,전화,5,35,정상
R1058,회의실,기관,방문,0,16,정상
R1059,강당,개인,전화,2,30,정상
R1060,회의실,동호회,앱,2,48,노쇼
R1061,체육관,기관,앱,30,22,노쇼
R1062,체육관,기관,전화,3,33,정상
R1063,야외운동장,기업,전화,18,42,노쇼
R1064,야외운동장,기업,온라인,27,23,노쇼
R1065,캠핑장,개인,전화,25,39,노쇼
R1066,강당,기업,방문,8,25,정상
R1067,캠핑장,개인,온라인,24,21,노쇼
R1068,강당,동호회,온라인,9,21,정상
R1069,회의실,기업,전화,4,44,정상
R1070,공연장,기업,방문,1,24,정상
R1071,야외운동장,기업,앱,19,46,노쇼
R1072,캠핑장,개인,전화,11,17,노쇼
R1073,강당,기관,온라인,12,39,정상
R1074,야외운동장,기관,전화,13,49,노쇼
R1075,공연장,동호회,전화,7,50,정상
R1076,캠핑장,기관,온라인,3,20,노쇼
R1077,회의실,개인,앱,1,38,노쇼
R1078,회의실,개인,방문,26,11,노쇼
R1079,공연장,동호회,온라인,11,14,정상
R1080,회의실,기관,앱,22,24,노쇼
R1081,야외운동장,동호회,앱,28,33,노쇼
R1082,야외운동장,기업,앱,8,38,정상
R1083,강당,개인,온라인,14,1,정상
R1084,공연장,동호회,온라인,7,4,노쇼
R1085,체육관,기업,전화,6,19,정상
R1086,체육관,기관,방문,12,1,노쇼
R1087,체육관,기관,온라인,10,6,노쇼
R1088,캠핑장,개인,앱,16,39,노쇼
R1089,캠핑장,기관,방문,11,27,정상
R1090,야외운동장,동호회,전화,17,7,정상
R1091,야외운동장,개인,방문,8,38,노쇼
R1092,강당,개인,방문,25,10,노쇼
R1093,강당,동호회,앱,15,2,정상
R1094,체육관,동호회,방문,19,8,정상
R1095,야외운동장,기업,방문,2,37,정상
R1096,공연장,기업,앱,20,46,정상
R1097,야외운동장,동호회,방문,2,12,정상
R1098,체육관,기관,전화,11,50,정상
R1099,캠핑장,기관,전화,1,4,정상
R1100,캠핑장,개인,온라인,25,14,노쇼
R1101,회의실,개인,전화,21,21,정상
R1102,야외운동장,기관,전화,0,9,정상
R1103,회의실,기관,앱,3,47,정상
R1104,강당,기업,전화,18,7,정상
R1105,체육관,기관,방문,18,37,정상
R1106,회의실,기관,온라인,16,21,노쇼
R1107,강당,기관,앱,0,20,정상
R1108,캠핑장,개인,방문,13,47,노쇼
R1109,회의실,기업,앱,9,47,정상
R1110,캠핑장,동호회,방문,23,50,노쇼
R1111,강당,개인,방문,13,10,정상
R1112,강당,기업,온라인,4,18,정상
R1113,체육관,기관,전화,19,9,정상
R1114,캠핑장,동호회,온라인,6,19,노쇼
R1115,캠핑장,동호회,전화,6,50,정상
R1116,공연장,기업,전화,25,30,노쇼
R1117,회의실,기업,전화,25,35,노쇼
R1118,공연장,동호회,앱,28,31,노쇼
R1119,캠핑장,동호회,온라인,14,3,노쇼
R1120,체육관,기업,온라인,29,34,노쇼
R1121,강당,기관,앱,26,16,노쇼
R1122,체육관,기관,앱,5,21,노쇼
R1123,강당,개인,온라인,22,49,노쇼
R1124,체육관,동호회,전화,28,31,정상
R1125,강당,동호회,전화,9,7,정상
R1126,캠핑장,기관,앱,0,19,노쇼
R1127,공연장,개인,방문,10,3,정상
R1128,공연장,기관,앱,2,31,노쇼
R1129,회의실,기업,전화,5,49,정상
R1130,야외운동장,기업,전화,0,2,정상
R1131,강당,기관,방문,7,12,정상
R1132,공연장,기업,방문,0,35,정상
R1133,캠핑장,개인,온라인,25,42,노쇼
R1134,야외운동장,기관,온라인,23,24,노쇼
R1135,강당,개인,앱,7,11,정상
R1136,캠핑장,개인,온라인,4,38,노쇼
R1137,회의실,기관,전화,13,5,정상
R1138,공연장,동호회,전화,4,19,정상
R1139,공연장,개인,온라인,5,7,정상
R1140,캠핑장,개인,온라인,14,5,정상
R1141,체육관,기관,앱,9,32,노쇼
R1142,강당,기관,온라인,23,43,노쇼
R1143,강당,기업,방문,4,36,정상
R1144,체육관,개인,방문,0,41,정상
R1145,강당,기업,전화,25,12,정상
R1146,체육관,동호회,방문,1,36,정상
R1147,강당,기관,앱,2,4,정상
R1148,강당,기업,전화,21,33,정상
R1149,강당,기업,방문,28,37,노쇼
R1150,공연장,개인,방문,15,26,정상
R1151,체육관,개인,온라인,26,17,노쇼
R1152,공연장,기업,방문,10,11,정상
R1153,강당,기관,전화,5,32,정상
R1154,체육관,동호회,전화,21,44,노쇼
R1155,캠핑장,동호회,온라인,29,50,노쇼
R1156,공연장,개인,앱,19,13,노쇼
R1157,체육관,기관,방문,4,25,정상
R1158,야외운동장,동호회,전화,18,7,정상
R1159,야외운동장,기업,전화,8,29,정상
R1160,강당,기업,전화,12,42,정상
R1161,캠핑장,기관,온라인,22,39,노쇼
R1162,공연장,기관,전화,18,29,정상
R1163,강당,동호회,전화,22,,정상
R1164,회의실,개인,앱,8,5,노쇼
R1165,캠핑장,개인,방문,22,45,노쇼
R1166,캠핑장,기업,앱,2,1,노쇼
R1167,체육관,기업,앱,24,48,노쇼
R1168,야외운동장,개인,앱,14,15,노쇼
R1169,캠핑장,기관,전화,17,10,노쇼
R1170,야외운동장,기관,방문,17,31,정상
R1171,회의실,기관,온라인,24,34,노쇼
R1172,회의실,기관,방문,29,46,노쇼
R1173,야외운동장,기관,방문,25,24,노쇼
R1174,강당,기관,앱,4,7,정상
R1175,공연장,기관,방문,5,22,정상
R1176,야외운동장,기업,온라인,28,26,노쇼
R1177,회의실,동호회,전화,4,28,정상
R1178,야외운동장,기업,방문,2,23,정상
R1179,체육관,개인,앱,5,14,노쇼
R1180,강당,동호회,앱,10,31,노쇼
R1181,야외운동장,개인,앱,9,8,정상
R1182,강당,기업,앱,22,11,노쇼
R1183,회의실,기관,방문,30,44,노쇼
R1184,공연장,기업,앱,0,25,노쇼
R1185,회의실,기업,전화,5,50,노쇼
R1186,체육관,기관,방문,13,48,정상
R1187,체육관,기관,전화,11,41,정상
R1188,공연장,기관,전화,15,11,정상
R1189,체육관,기업,방문,6,44,정상
R1190,야외운동장,개인,앱,17,21,노쇼
R1191,야외운동장,동호회,방문,7,21,노쇼
R1192,공연장,기관,온라인,26,40,노쇼
R1193,체육관,기관,전화,28,23,정상
R1194,캠핑장,개인,전화,15,50,정상
R1195,회의실,동호회,전화,22,3,정상
R1196,캠핑장,기업,온라인,8,39,정상
R1197,강당,기관,전화,22,33,정상
R1198,회의실,기업,전화,15,8,정상
R1199,회의실,기업,전화,29,24,노쇼
R1200,캠핑장,기업,전화,4,40,정상
R1201,체육관,동호회,방문,20,39,정상
R1202,야외운동장,동호회,앱,25,8,노쇼
R1203,강당,기관,앱,16,31,정상
R1204,체육관,동호회,전화,20,19,노쇼
R1205,공연장,동호회,온라인,3,30,정상
R1206,체육관,기관,방문,2,24,정상
R1207,캠핑장,기관,전화,23,19,정상
R1208,캠핑장,기업,방문,23,7,정상
R1209,강당,기업,전화,29,43,노쇼
R1210,캠핑장,동호회,앱,8,6,노쇼
R1211,강당,개인,앱,6,23,노쇼
R1212,강당,기관,방문,11,1,정상
R1213,회의실,동호회,앱,0,44,정상
R1214,캠핑장,기업,앱,4,48,노쇼
R1215,캠핑장,동호회,방문,30,32,노쇼
R1216,강당,기업,방문,5,38,정상
R1217,체육관,개인,전화,19,9,노쇼
R1218,체육관,기업,앱,27,48,노쇼
R1219,캠핑장,기관,전화,1,3,정상
R1220,강당,기관,앱,19,1,노쇼
R1221,캠핑장,개인,온라인,4,28,노쇼
R1222,캠핑장,기관,온라인,10,30,노쇼
R1223,공연장,개인,방문,29,47,정상
R1224,회의실,기관,방문,20,8,정상
R1225,체육관,기관,방문,3,35,정상
R1226,캠핑장,기관,앱,25,37,노쇼
R1227,회의실,기업,방문,30,40,노쇼
R1228,강당,개인,방문,17,23,정상
R1229,강당,동호회,앱,0,38,정상
R1230,공연장,기업,방문,3,8,정상
R1231,캠핑장,기업,전화,25,1,노쇼
R1232,공연장,개인,방문,5,18,정상
R1233,캠핑장,기관,앱,8,,노쇼
R1234,캠핑장,동호회,전화,13,27,정상
R1235,공연장,동호회,전화,14,35,정상
R1236,캠핑장,기관,온라인,11,7,노쇼
R1237,회의실,동호회,온라인,0,9,정상
R1238,강당,동호회,전화,15,11,노쇼
R1239,야외운동장,개인,앱,17,26,노쇼
R1240,야외운동장,기관,방문,5,50,정상
R1241,회의실,동호회,전화,0,12,정상
R1242,강당,기관,앱,24,46,노쇼
R1243,야외운동장,동호회,전화,22,20,노쇼
R1244,공연장,기관,온라인,26,39,노쇼
R1245,공연장,개인,온라인,28,4,노쇼
R1246,강당,기업,방문,3,18,정상
R1247,야외운동장,기업,전화,3,8,정상
R1248,공연장,기관,온라인,15,49,정상
R1249,캠핑장,동호회,방문,17,21,노쇼
R1250,체육관,개인,전화,2,6,정상
R1251,회의실,기업,온라인,25,36,노쇼
R1252,야외운동장,개인,앱,16,7,노쇼
R1253,체육관,기업,앱,13,31,노쇼
R1254,캠핑장,기관,방문,12,11,정상
R1255,공연장,기관,온라인,11,22,노쇼
R1256,공연장,기관,온라인,27,35,노쇼
R1257,야외운동장,동호회,방문,28,44,정상
R1258,공연장,개인,앱,19,37,노쇼
R1259,회의실,개인,전화,18,8,노쇼
R1260,캠핑장,기업,전화,18,1,정상
R1261,강당,기업,온라인,11,46,노쇼
R1262,체육관,개인,전화,13,24,정상
R1263,야외운동장,개인,방문,28,43,정상
R1264,야외운동장,기업,전화,4,44,정상
R1265,야외운동장,개인,온라인,14,43,노쇼
R1266,캠핑장,개인,방문,25,26,정상
R1267,강당,기업,전화,26,2,정상
R1268,회의실,기업,전화,6,6,노쇼
R1269,체육관,동호회,전화,13,43,정상
R1270,야외운동장,기업,앱,8,22,노쇼
R1271,강당,동호회,앱,19,20,노쇼
R1272,강당,기관,앱,18,43,정상
R1273,공연장,기관,전화,25,22,노쇼
R1274,회의실,개인,방문,26,1,노쇼
R1275,캠핑장,기업,방문,8,44,노쇼
R1276,공연장,기관,방문,5,44,정상
R1277,강당,기관,전화,0,14,정상
R1278,야외운동장,개인,온라인,29,4,노쇼
R1279,회의실,동호회,온라인,12,34,노쇼
R1280,강당,기업,앱,14,45,정상
R1281,공연장,개인,방문,17,24,노쇼
R1282,캠핑장,기업,전화,17,11,노쇼
R1283,공연장,기관,온라인,20,3,노쇼
R1284,야외운동장,기관,온라인,13,2,정상
R1285,체육관,개인,방문,21,10,정상
R1286,캠핑장,기관,방문,11,41,정상
R1287,체육관,기업,방문,26,26,노쇼
R1288,강당,기관,앱,22,41,노쇼
R1289,캠핑장,동호회,전화,19,24,정상
R1290,공연장,기관,온라인,24,41,정상
R1291,공연장,기관,방문,29,28,정상
R1292,체육관,기관,전화,27,,노쇼
R1293,야외운동장,동호회,앱,27,50,노쇼
R1294,공연장,기관,방문,21,49,정상
R1295,회의실,개인,전화,13,50,노쇼
R1296,체육관,동호회,앱,27,9,노쇼
R1297,야외운동장,동호회,앱,3,47,노쇼
R1298,캠핑장,동호회,앱,10,46,노쇼
R1299,강당,개인,전화,23,33,정상
R1300,강당,동호회,방문,11,8,정상
R1301,강당,기업,방문,0,42,정상
R1302,캠핑장,개인,전화,17,12,노쇼
R1303,야외운동장,기업,전화,20,37,노쇼
R1304,공연장,개인,앱,0,47,정상
R1305,강당,개인,방문,22,35,정상
R1306,공연장,기관,앱,9,46,정상
R1307,캠핑장,기업,앱,29,44,노쇼
R1308,강당,개인,앱,3,25,정상
R1309,회의실,개인,방문,13,24,노쇼
R1310,강당,기업,앱,5,4,정상
R1311,공연장,동호회,전화,17,31,정상
R1312,캠핑장,개인,앱,21,29,노쇼
R1313,공연장,개인,온라인,18,15,노쇼
R1314,체육관,개인,온라인,28,23,노쇼
R1315,야외운동장,동호회,전화,3,27,노쇼
R1316,회의실,동호회,앱,28,39,정상
R1317,공연장,개인,방문,1,18,정상
R1318,강당,기관,앱,27,1,노쇼
R1319,공연장,기업,온라인,18,43,노쇼
R1320,캠핑장,동호회,전화,1,19,정상
R1321,야외운동장,동호회,앱,28,12,노쇼
R1322,체육관,동호회,전화,2,17,정상
R1323,회의실,기업,온라인,30,9,노쇼
R1324,공연장,기업,온라인,21,3,노쇼
R1325,강당,기업,방문,16,38,정상
R1326,야외운동장,개인,전화,7,14,노쇼
R1327,강당,기관,온라인,28,22,노쇼
R1328,야외운동장,기업,앱,28,41,노쇼
R1329,회의실,기관,전화,26,30,노쇼
R1330,강당,동호회,온라인,28,2,노쇼
R1331,회의실,동호회,전화,7,18,정상
R1332,공연장,기관,온라인,17,45,노쇼
R1333,야외운동장,개인,앱,0,27,노쇼
R1334,캠핑장,동호회,방문,20,6,정상
R1335,캠핑장,기관,앱,6,13,노쇼
R1336,강당,개인,방문,7,17,정상
R1337,회의실,기관,앱,8,28,노쇼
R1338,체육관,기관,앱,7,26,정상
R1339,공연장,기업,앱,27,26,노쇼
R1340,야외운동장,기관,방문,9,31,정상
R1341,회의실,개인,앱,2,12,노쇼
R1342,공연장,개인,전화,27,17,정상
R1343,회의실,기관,온라인,2,48,노쇼
R1344,회의실,기업,온라인,11,36,정상
R1345,캠핑장,기관,온라인,14,6,노쇼
R1346,강당,기관,앱,10,14,정상
R1347,강당,기관,앱,22,15,노쇼
R1348,캠핑장,기업,앱,24,25,노쇼
R1349,강당,기업,온라인,12,49,노쇼
R1350,회의실,개인,전화,13,7,정상
R1351,회의실,개인,방문,5,39,정상
R1352,캠핑장,기관,전화,10,15,정상
R1353,회의실,개인,전화,7,5,정상
R1354,강당,기업,온라인,29,13,노쇼
R1355,강당,기관,온라인,28,10,정상
R1356,공연장,개인,전화,13,17,정상
R1357,체육관,동호회,온라인,5,12,정상
R1358,공연장,개인,전화,24,16,정상
R1359,캠핑장,기업,전화,7,20,정상
R1360,캠핑장,동호회,전화,4,33,정상
R1361,공연장,기업,전화,19,18,정상
R1362,캠핑장,기업,전화,21,27,노쇼
R1363,회의실,개인,앱,5,5,노쇼
R1364,캠핑장,동호회,전화,17,25,정상
R1365,강당,기관,전화,12,20,정상
R1366,야외운동장,기관,앱,5,41,노쇼
R1367,야외운동장,기관,앱,6,35,노쇼
R1368,공연장,기관,온라인,8,16,노쇼
R1369,체육관,기관,온라인,24,48,노쇼
R1370,공연장,동호회,전화,21,28,정상
R1371,체육관,기업,방문,24,28,노쇼
R1372,캠핑장,동호회,앱,24,13,노쇼
R1373,캠핑장,개인,방문,23,34,노쇼
R1374,회의실,기관,온라인,17,30,노쇼
R1375,캠핑장,기업,온라인,6,14,노쇼
R1376,회의실,개인,온라인,11,26,정상
R1377,체육관,기업,앱,9,50,정상
R1378,공연장,기업,전화,8,38,정상
R1379,공연장,개인,방문,29,31,정상
R1380,캠핑장,동호회,전화,0,30,정상
R1381,공연장,기관,온라인,15,20,정상
R1382,야외운동장,기관,앱,2,32,정상
R1383,캠핑장,동호회,온라인,3,34,노쇼
R1384,강당,동호회,전화,25,21,정상
R1385,체육관,기관,전화,26,19,정상
R1386,야외운동장,동호회,방문,1,49,노쇼
R1387,체육관,기업,앱,26,3,노쇼
R1388,회의실,개인,앱,27,19,노쇼
R1389,공연장,개인,온라인,2,5,정상
R1390,캠핑장,동호회,온라인,5,3,노쇼
R1391,회의실,기업,방문,6,12,정상
R1392,캠핑장,개인,방문,6,12,정상
R1393,강당,동호회,방문,12,9,정상
R1394,강당,개인,전화,19,38,정상
R1395,강당,기관,전화,28,9,노쇼
R1396,야외운동장,기관,전화,11,28,정상
R1397,회의실,기관,온라인,30,9,노쇼
R1398,캠핑장,동호회,전화,2,5,정상
R1399,체육관,개인,방문,21,4,정상
R1400,강당,기관,방문,28,33,정상
R1401,공연장,기관,온라인,18,28,노쇼
R1402,캠핑장,동호회,방문,16,28,정상
R1403,공연장,기관,방문,27,48,정상
R1404,회의실,기업,온라인,26,15,노쇼
R1405,회의실,기관,전화,18,38,노쇼
R1406,회의실,기업,방문,30,16,노쇼
R1407,캠핑장,개인,방문,2,36,정상
R1408,회의실,기업,전화,9,38,정상
R1409,회의실,개인,앱,2,22,노쇼
R1410,공연장,기업,전화,29,16,노쇼
R1411,캠핑장,기관,방문,18,16,노쇼
R1412,캠핑장,개인,전화,28,44,정상
R1413,공연장,기관,방문,4,15,정상
R1414,공연장,개인,앱,4,34,정상
R1415,야외운동장,기업,방문,24,7,노쇼
R1416,체육관,동호회,온라인,19,33,노쇼
R1417,공연장,동호회,온라인,0,17,노쇼
R1418,야외운동장,기업,전화,3,1,정상
R1419,캠핑장,기업,앱,10,47,노쇼
R1420,강당,동호회,온라인,15,4,정상
R1421,야외운동장,기업,앱,1,34,노쇼
R1422,체육관,기업,앱,12,30,노쇼
R1423,캠핑장,기관,방문,9,49,노쇼
R1424,강당,개인,전화,16,12,정상
R1425,공연장,기관,방문,25,27,정상
R1426,회의실,기업,전화,29,44,노쇼
R1427,체육관,기관,전화,17,8,노쇼
R1428,회의실,동호회,전화,23,34,정상
R1429,야외운동장,개인,앱,23,29,노쇼
R1430,체육관,개인,온라인,20,47,노쇼
R1431,회의실,기관,방문,16,20,노쇼
R1432,공연장,개인,방문,18,33,정상
R1433,체육관,개인,방문,18,34,노쇼
R1434,캠핑장,기업,전화,8,37,노쇼
R1435,강당,기업,앱,6,8,노쇼
R1436,야외운동장,동호회,온라인,1,18,노쇼
R1437,공연장,기관,온라인,1,27,정상
R1438,캠핑장,기관,온라인,19,17,노쇼
R1439,회의실,개인,전화,25,24,노쇼
R1440,캠핑장,기관,전화,2,17,정상
R1441,캠핑장,기관,앱,28,42,노쇼
R1442,체육관,동호회,앱,18,11,노쇼
R1443,캠핑장,기업,전화,16,24,노쇼
R1444,공연장,동호회,전화,23,12,정상
R1445,야외운동장,기관,방문,10,50,노쇼
R1446,야외운동장,기관,전화,4,46,정상
R1447,체육관,기관,온라인,0,19,노쇼
R1448,회의실,기업,앱,26,48,노쇼
R1449,강당,기업,전화,24,42,정상
R1450,캠핑장,동호회,온라인,15,21,노쇼
R1451,야외운동장,기관,온라인,2,26,정상
R1452,체육관,동호회,전화,6,40,정상
R1453,야외운동장,동호회,전화,15,4,정상
R1454,캠핑장,기업,앱,3,25,노쇼
R1455,강당,기관,앱,20,46,정상
R1456,공연장,동호회,전화,3,50,정상
R1457,회의실,기업,전화,4,32,정상
R1458,공연장,개인,온라인,18,34,정상
R1459,회의실,기관,온라인,2,39,정상
R1460,야외운동장,기업,방문,4,34,정상
R1461,야외운동장,기업,앱,5,17,정상
R1462,회의실,기관,방문,0,39,정상
R1463,체육관,기관,온라인,26,38,노쇼
R1464,회의실,기업,앱,16,43,노쇼
R1465,야외운동장,기업,방문,14,8,노쇼
R1466,강당,기업,방문,20,36,정상
R1467,강당,기관,앱,5,44,노쇼
R1468,야외운동장,기업,전화,4,47,정상
R1469,캠핑장,기업,전화,5,33,정상
R1470,공연장,동호회,앱,0,8,정상
R1471,공연장,개인,방문,21,12,정상
R1472,체육관,기업,전화,13,37,노쇼
R1473,회의실,기업,전화,21,24,정상
R1474,야외운동장,기관,전화,3,3,정상
R1475,강당,개인,앱,2,42,노쇼
R1476,체육관,기업,전화,29,33,노쇼
R1477,강당,기관,방문,26,6,정상
R1478,강당,개인,방문,21,4,정상
R1479,캠핑장,기관,방문,24,46,노쇼
R1480,회의실,개인,방문,15,42,정상
R1481,야외운동장,개인,온라인,8,27,노쇼
R1482,회의실,개인,온라인,3,48,노쇼
R1483,회의실,기관,방문,23,37,노쇼
R1484,체육관,개인,전화,24,12,정상
R1485,체육관,기관,온라인,13,13,정상
R1486,야외운동장,기관,온라인,9,6,정상
R1487,공연장,동호회,온라인,20,41,정상
R1488,강당,개인,방문,26,5,정상
R1489,강당,기업,앱,23,47,정상
R1490,공연장,동호회,앱,15,45,노쇼
R1491,캠핑장,동호회,전화,20,50,정상
R1492,캠핑장,기업,전화,21,10,노쇼
R1493,공연장,개인,앱,8,11,정상
R1494,야외운동장,기관,전화,24,2,노쇼
R1495,회의실,기관,앱,6,6,노쇼
R1496,공연장,기관,앱,17,24,노쇼
R1497,캠핑장,동호회,앱,22,12,노쇼
R1498,회의실,기업,방문,30,27,노쇼
R1499,캠핑장,개인,온라인,5,15,노쇼
R1500,회의실,기업,온라인,29,46,노쇼
